file,source,width,height,bytes,sha256,error
01_451d03f1a458a64838b28633e494ceb2.jpg,https://i.pinimg.com/originals/45/1d/03/451d03f1a458a64838b28633e494ceb2.jpg,736,1104,152056,1c752963ea5916974f8618dec5177361f0f81ef9478f16cfdd7cb5e02e67c0fa,
02_5b59d5ebd8472c9cc4734aff1afe2f86.jpg,https://i.pinimg.com/originals/5b/59/d5/5b59d5ebd8472c9cc4734aff1afe2f86.jpg,1154,2048,153454,3c5669c8c8cb4a2ac65abba224812c72691e454396cb9b4c649b5c194fd42d55,
03_c1ea5035673966f67f2de5089fbe00a7.jpg,https://i.pinimg.com/originals/c1/ea/50/c1ea5035673966f67f2de5089fbe00a7.jpg,1285,1859,239329,0061f11814375b82ae232e3c05d306fed9527399e5bf2c67b821c697ab90c956,
04_be13ec69da401fb398e643011f3df799.jpg,https://i.pinimg.com/originals/be/13/ec/be13ec69da401fb398e643011f3df799.jpg,4854,6521,1158927,67e8e26c21ce685769ebf504581c98de538d128ed19c40d4a6acb9a80b516abf,
05_3a978257a40c44f834e73c93e3cbdfdc.jpg,https://i.pinimg.com/originals/3a/97/82/3a978257a40c44f834e73c93e3cbdfdc.jpg,1320,1637,187179,102778ba175d654510fa70b9e995a8c783d919890a062cded6b03863ae9267ce,
06_4b879cbe1eef46701278b92073b27c22.jpg,https://i.pinimg.com/originals/4b/87/9c/4b879cbe1eef46701278b92073b27c22.jpg,1080,1398,93344,194e58213c60e099387988a3da168d94603acae6774b7721ecf03c7e9cb91b9c,
07_fc37fb5fc7dd41e9c8b3d5462f3d627a.jpg,https://i.pinimg.com/originals/fc/37/fb/fc37fb5fc7dd41e9c8b3d5462f3d627a.jpg,1080,1920,235684,c62f92929cb8b2712f609d464fbd93e1cd099f56522b88683141c80f0051b963,
08_a27b9605e35a23ddf42c4bb9129c8e4e.jpg,https://i.pinimg.com/originals/a2/7b/96/a27b9605e35a23ddf42c4bb9129c8e4e.jpg,736,1104,92345,2ba274408532c2e25c6c67d893f93e7aaf6b27187472316851bf9f1045ea237f,
09_81dc7e408d76fa66e7ee1f26f3f284d4.jpg,https://i.pinimg.com/originals/81/dc/7e/81dc7e408d76fa66e7ee1f26f3f284d4.jpg,1080,1422,210839,dc9fa8475d70cc0595881ceb0a3e1233d71be8fa34e8e8223010a60b243a0bbb,
10_9a0c9ca06fd2be8b74548c4d5675a701.jpg,https://i.pinimg.com/originals/9a/0c/9c/9a0c9ca06fd2be8b74548c4d5675a701.jpg,993,1541,51982,3946ada62123cb188f8d9c094b22ab4f8ad775c6852c2ca87f0c100e0f8194bf,
11_127ce8daa428485f0f88cc2676cb7fba.jpg,https://i.pinimg.com/originals/12/7c/e8/127ce8daa428485f0f88cc2676cb7fba.jpg,740,1600,80341,538ba6a22413ae820f2929c01f2f9ffc446907ee2c81f2dc54f674738800d045,
12_e7c205d1cd699e38b4cdda4b20c9b4a9.jpg,https://i.pinimg.com/originals/e7/c2/05/e7c205d1cd699e38b4cdda4b20c9b4a9.jpg,1080,1212,184711,89795a7e25d5d547be18c8a03054758aab89e61dc29a7c447783a34fd65037df,
13_3c54cdb8e66a7e4c70ef073c12357376.jpg,https://i.pinimg.com/originals/3c/54/cd/3c54cdb8e66a7e4c70ef073c12357376.jpg,1080,1350,92261,aa5f1162039479378f4680ae152bc5a2e2a78f9b63c20ecebd58d3591c0d4769,
14_d9fbad25994110d298dd4df403365f74.jpg,https://i.pinimg.com/originals/d9/fb/ad/d9fbad25994110d298dd4df403365f74.jpg,473,847,59198,bfa2cf956b8e3f80edbfd14687c38ae7426b5371ea0ff30de7d1f34999811c8b,
15_97aeb79580e5219d677d5510f5e10ac2.jpg,https://i.pinimg.com/736x/97/ae/b7/97aeb79580e5219d677d5510f5e10ac2.jpg,736,1103,68301,d2c7052e184191368062f3cef95b3a8c23949cb4a87172ceabb81a11e8b2690b,
16_cc62bfcf014a3bf5b8e76d044e55739e.jpg,https://i.pinimg.com/originals/cc/62/bf/cc62bfcf014a3bf5b8e76d044e55739e.jpg,736,917,121780,b3579914e454662f14a5412dbb8dd1cf7980da5f9732c63b30ffdc607fbdb08d,
17_2a0b586ebe2e263a6ae0a90aeab4295a.jpg,https://i.pinimg.com/736x/2a/0b/58/2a0b586ebe2e263a6ae0a90aeab4295a.jpg,736,1104,133411,37eb47ee718fbde603856709f1e68a883352c93985938d3c4ddbe1e6e6d2edc0,
18_a7c59db8fb7dc26df94115981babe739.jpg,https://i.pinimg.com/originals/a7/c5/9d/a7c59db8fb7dc26df94115981babe739.jpg,1189,1520,233736,7fae355fa287dab6d9fc55c7818b6b3a4d56a75ce53ff7c54c00830570d17c50,
19_029f3f1c621f2edd78b513c0eec2a833.jpg,https://i.pinimg.com/originals/02/9f/3f/029f3f1c621f2edd78b513c0eec2a833.jpg,1000,1218,94523,b483bc140c191a6636dd31f64b1dc2c1985f776496eeaf3c893ceb179be80c0e,
20_acd9e1280497a089d38373bd7847219b.jpg,https://i.pinimg.com/originals/ac/d9/e1/acd9e1280497a089d38373bd7847219b.jpg,736,920,82556,8182a5a2f1afc4e515f13af42a57d439193d51111755525242e002beb940dc1e,
21_723b8fa24fffaeac05f67ef356875fbf.jpg,https://i.pinimg.com/736x/72/3b/8f/723b8fa24fffaeac05f67ef356875fbf.jpg,736,1356,202037,f2ed207ea4cae5e7dd5420e7ad409d3c59f1fb5ab5a581e0da710836a43c5881,
22_28116e1da95e0f310333b26388a5fc33.jpg,https://i.pinimg.com/originals/28/11/6e/28116e1da95e0f310333b26388a5fc33.jpg,1080,1440,101582,35151e1dc2ee20920343b649f39244c2f2631191c8e475877b76e9a8e0525f51,
23_779ccd7e05be07ec891c9cad40214a64.jpg,https://i.pinimg.com/originals/77/9c/cd/779ccd7e05be07ec891c9cad40214a64.jpg,736,920,173429,e8a5bed8202134574e9c7f57d165942c06688f4afb83e1b38a3b972765432824,
24_8c35a61a1f3ec23bc3b23daf99d767a8.jpg,https://i.pinimg.com/originals/8c/35/a6/8c35a61a1f3ec23bc3b23daf99d767a8.jpg,1080,1440,120822,e797f396cd46035a45945db07acad30c67574aa358bf48f6dc6b64c0f3404401,
25_413bfd8b2de91d40195df2d006f414e0.jpg,https://i.pinimg.com/originals/41/3b/fd/413bfd8b2de91d40195df2d006f414e0.jpg,768,1365,80295,69466d58e5516975dcb0a4b0e0e2bd1d36d587c2752d18f376202ae38e069610,
26_a721116ef38fac51d10c8f6a4d2fb100.jpg,https://i.pinimg.com/originals/a7/21/11/a721116ef38fac51d10c8f6a4d2fb100.jpg,1148,2048,209561,b0a108a81e44c4a3d593e50fbc51482e43a79cb29d5c7e7ea5ba50755bfe10d0,
27_0e0d082f6d91f5a8892044019015c1a3.jpg,https://i.pinimg.com/originals/0e/0d/08/0e0d082f6d91f5a8892044019015c1a3.jpg,828,1029,216244,42c00dece8d253fe173e39b84566cb755526c6b5aca1c9bd9a0b8d49399bb14f,
28_263ed4ad220f5d5b661119a23d3df57b.jpg,https://i.pinimg.com/originals/26/3e/d4/263ed4ad220f5d5b661119a23d3df57b.jpg,1080,1440,216729,14c60a6182179670fbe2bc26c60c215965954bfc8710b51bcd751dd868347ece,
29_8667b9a81640b14994e57f7238239e61.jpg,https://i.pinimg.com/originals/86/67/b9/8667b9a81640b14994e57f7238239e61.jpg,735,919,48291,2ab463a44f98ac98b6456d1ee6b1ed4d9140b11ea53dd2c96a410b81ff9ed139,
30_beeeff38c87349983f19926f64541152.jpg,https://i.pinimg.com/originals/be/ee/ff/beeeff38c87349983f19926f64541152.jpg,1158,1850,110789,3edbe8070da7f11e0f59af383bbd67cfca3c7ae745d67e1ab42172f4d2cff0a7,
31_c5650b5109842c19d3018b21b41256cc.jpg,https://i.pinimg.com/736x/c5/65/0b/c5650b5109842c19d3018b21b41256cc.jpg,736,1103,132387,235d6b1c05b7c6e200495d37b39a24f8b3da5da6f5d6c5bcbc93f04f7a92a75d,
32_77bc6fa74746f73f54cec488dc2e37b4.jpg,https://i.pinimg.com/736x/77/bc/6f/77bc6fa74746f73f54cec488dc2e37b4.jpg,735,919,160936,f1a2cbb3d9aedbd325863a105b1abd8bfce4b3071813de5fbb216c739bdad2de,
33_0dae33ac0d2b0f573cef50a072e6cf3d.jpg,https://i.pinimg.com/originals/0d/ae/33/0dae33ac0d2b0f573cef50a072e6cf3d.jpg,682,1024,58027,ada7d8b0c7636b96ad3b1c703ac982495e808c8ac58c5f20d87bce71cc740a5c,
34_3735f1838897dfc0dea61ab377bd2b30.jpg,https://i.pinimg.com/originals/37/35/f1/3735f1838897dfc0dea61ab377bd2b30.jpg,4016,6016,3953437,ae8faf6cad02cb157b79d78b043e45e58edf2ef6dcbb552c30ff8409ee45a2d7,
35_ce79ffa8f1c8ec6bf227d40dab45ecf0.jpg,https://i.pinimg.com/originals/ce/79/ff/ce79ffa8f1c8ec6bf227d40dab45ecf0.jpg,750,1124,80332,4b3aba1b01361c5d4abc8218139c4e341cc9f44b1e881dc8ec7795d7922fad77,
36_89defb1a3e0144426859bb5968a9183a.jpg,https://i.pinimg.com/originals/89/de/fb/89defb1a3e0144426859bb5968a9183a.jpg,1440,1800,459178,861f48a9b9f6ba1d8725a96a6c1680746091b54901673fe402d96fab5c6cad76,
37_747396870175f9079460c6100dcb508e.jpg,https://i.pinimg.com/originals/74/73/96/747396870175f9079460c6100dcb508e.jpg,1206,2096,230140,9eeab9077e77497e814784bfd21ee61f45736ab34bd6938765cf2d22dd9b20c4,
38_54cd41264d6ca07b7630b4ee32279206.jpg,https://i.pinimg.com/originals/54/cd/41/54cd41264d6ca07b7630b4ee32279206.jpg,1067,1600,236472,0b16e4239a4560509323509e3498aa365e1b2dfe89aa987b6c753064ba98863d,
39_29b8a35fcc9e235d9ae80e1bdf26400e.jpg,https://i.pinimg.com/originals/29/b8/a3/29b8a35fcc9e235d9ae80e1bdf26400e.jpg,1440,1799,282660,e1d3451603952945563017d1885869cf7be4a0f43451d816e7915261ecca1389,
40_7f77999c5a37d69e281d15cf47d602da.jpg,https://i.pinimg.com/originals/7f/77/99/7f77999c5a37d69e281d15cf47d602da.jpg,675,1200,68132,df65df148219ed588ce4a1e44297460bcbbbe0af9386b62f0372f46f7aeaa15c,
41_43220f159802b23888802ba09dbc078d.jpg,https://i.pinimg.com/originals/43/22/0f/43220f159802b23888802ba09dbc078d.jpg,4300,6450,3820803,70a2029d9d83264aed373e988592f97325aaf1829fdf8bf3ef87f86cb1619335,
42_1764bf7c0204eabb8fc0176e3f245f82.jpg,https://i.pinimg.com/originals/17/64/bf/1764bf7c0204eabb8fc0176e3f245f82.jpg,735,1103,70755,691f51ab2a36969ee9440c4e71da72685dc04f6aa39c724febb266829801a228,
43_c78b2cd1a9fdd23111c67fb42dbc50bb.jpg,https://i.pinimg.com/originals/c7/8b/2c/c78b2cd1a9fdd23111c67fb42dbc50bb.jpg,828,1054,71199,17c9e4d94bf474efa423596f2ab7278d1f5422f662bc71cf07a6fafbec618c20,
44_2dfc341f2de4cf015bdffe7a1941b066.jpg,https://i.pinimg.com/originals/2d/fc/34/2dfc341f2de4cf015bdffe7a1941b066.jpg,680,680,69455,a65310318bba6be41762abd796123c2fede98be5afa9a4bd6d77e17e0ad62bb3,
45_52c6592b330b51ab40b6c66589d7180c.jpg,https://i.pinimg.com/originals/52/c6/59/52c6592b330b51ab40b6c66589d7180c.jpg,736,1104,114384,47e69d72930ca0a6fb87cf22cf58b239f1301571ed73c099b67b39d31fb72f57,
46_66208932423a551d9e6aae0b78d02f30.jpg,https://i.pinimg.com/originals/66/20/89/66208932423a551d9e6aae0b78d02f30.jpg,1365,1706,315815,6fbab87bb4fd0a5129dd7eb86d234287d5ae6dfb09df239e9971f61b4232df81,
47_b83ebed566b32447138c3e1f07942e11.jpg,https://i.pinimg.com/originals/b8/3e/be/b83ebed566b32447138c3e1f07942e11.jpg,736,1104,74131,e128cda74ff3375f99eb2e36182bc2b49f90a838eac8c726cb9e4b82cc804064,
48_3eb8907bdec267db01919665fbd70eed.jpg,https://i.pinimg.com/originals/3e/b8/90/3eb8907bdec267db01919665fbd70eed.jpg,1125,1479,127996,00675f56c42b7c5a757792f2fb4afcaae1bb3cb413f9c3685ffcdef2e473e250,
49_81b772c5017dbe46742ff442ba37e646.jpg,https://i.pinimg.com/originals/81/b7/72/81b772c5017dbe46742ff442ba37e646.jpg,1200,1469,180868,9e6b653451a42085a838fd5f95a85b33dedda8e792a9fdb826d7a44087b8c483,
50_36888a4c67988dda8004f221e0569c00.jpg,https://i.pinimg.com/originals/36/88/8a/36888a4c67988dda8004f221e0569c00.jpg,736,1104,55160,3a83e3019f393ee0e3b200a375d070d2a6540c3bdf611ecd60d2d82dac0d4f5f,
51_b650ee904b590b9e9481c05949204746.jpg,https://i.pinimg.com/originals/b6/50/ee/b650ee904b590b9e9481c05949204746.jpg,1440,1920,149285,67470d324e3c415c6e98edf7592575079cdc485f5965f9b6577a0b39d4119798,
52_c9c27726a5551cdcc74ef02edc092b72.jpg,https://i.pinimg.com/originals/c9/c2/77/c9c27726a5551cdcc74ef02edc092b72.jpg,1334,2000,284816,b9c54ff5770ce80e9330741b84b1d70c842b46edfbe245ec240d25f6a2d67032,
53_6351edb443ea8fc9179eddb250be3cbb.jpg,https://i.pinimg.com/originals/63/51/ed/6351edb443ea8fc9179eddb250be3cbb.jpg,874,1280,258458,ea550627a4dcee29afd89ede52cf8cec6837ad5976886db1805079fdb553f97b,
54_fa0b520485e1f6c51c941ad46949aa9b.jpg,https://i.pinimg.com/originals/fa/0b/52/fa0b520485e1f6c51c941ad46949aa9b.jpg,736,1104,102171,a6b092b26fc6aa4a874f59768f814271873046adbde3ee84a9a7f7a71532a7c0,
55_0db6d542648ddf4a02d662e02ca5bbaf.jpg,https://i.pinimg.com/originals/0d/b6/d5/0db6d542648ddf4a02d662e02ca5bbaf.jpg,500,750,36702,10de914c1af49733786d6661da4e9b6ad62e7a9af9613bf8e7d2bcc432220310,
56_653524dc88e25f8af7a1b210358eb550.jpg,https://i.pinimg.com/originals/65/35/24/653524dc88e25f8af7a1b210358eb550.jpg,1440,1800,367415,1776184b63d651488d991961c1817a596461c1f1c565a6dc2ddb1a770ae7ec40,
57_7c0f067b47ff103459ab26ba305eabe3.jpg,https://i.pinimg.com/originals/7c/0f/06/7c0f067b47ff103459ab26ba305eabe3.jpg,658,799,81788,b1a67a73ce741a1f06a7f5e1ed508f55e0bce7f1a7440c22b1f7146ed0362c9e,
58_0232494b0d46f8b7e522e6bb99ab950a.jpg,https://i.pinimg.com/originals/02/32/49/0232494b0d46f8b7e522e6bb99ab950a.jpg,1200,1117,147007,f616a568e87d07a2e92b27e9c53c815904cf43208bb9471bc97d9022a696bc04,
